sequence,label,affinity,mhc,peptide,feature_file,feature_path,feature_dir,feature_vector
MVCLKLPGGSCMAALTVTLMVLSSPLALAGDTQPRFLWQGKYKCHFFNGTERVQFLERLFYNQEEFVRFDSDVGEYRAVTELGRPVAESWNSQKDILEDRRGQVDTVCRHNYGVGESFTVQRRVHPEVTVYPAKTQPLQHHNLLVCSVSGFYPGSIEVRWFRNGQEEKAGVVSTGLIQNGDWTFQTLVMLETVPRSGEVYTCQVEHPSVMSPLTVEWRARSESAQSKMLSGVGGFVLGLLFLGAGLFIYFRNQKGHSGLQPTGFLS:LYDMSFVMMKCFHHFFRKLK,0,0.0,DRB1_0701,LYDMSFVMMKCFHHFFRKLK,features_shard2_group0.h5,sample_0,./,"[-0.05335882678627968, -0.06659159064292908, -0.002747785300016403, 0.06906809657812119, -0.005768598522990942, 0.029611874371767044, 0.02671569027006626, -0.060247499495744705, 0.03863132745027542, -0.2527990937232971, 0.0079864002764225, 0.01180075854063034, -0.3888844847679138, 0.0690423920750618, -0.0037616188637912273, -0.121169812977314, 0.048661969602108, -0.0206325463950634, 0.14721140265464783, -0.03568505868315697, 0.11495979875326157, 0.1222420483827591, 0.04476647824048996, -0.015221345238387585, 0.03153332695364952, 0.020267358049750328, 0.6276944875717163, -0.04647056758403778, -0.08854853361845016, 0.03757625073194504, 0.03816032409667969, 0.010184853337705135, -0.003143149893730879, -0.024648496881127357, 0.08195815980434418, 0.27282199263572693, -0.03229678422212601, 0.0018010291969403625, 0.07291747629642487, 0.22454698383808136, -0.6824776530265808, 0.0337987095117569, -0.1634017676115036, -0.009530552662909031, -0.041464194655418396, 0.014382494613528252, 0.08290549367666245, 0.002113758586347103, -0.14178571105003357, -0.002469737082719803, -0.040788985788822174, 0.056774258613586426, -0.03319759666919708, 0.03031761944293976, 0.029075389727950096, 0.032583676278591156, -0.27411776781082153, -0.03067859821021557, 0.07667148113250732, -0.11301079392433167, 0.03834066167473793, 0.011487962678074837, 0.05128054693341255, 0.06365785002708435, 0.06027045100927353, -0.21736890077590942, -0.014097057282924652, 0.012729798443615437, -0.06443719565868378, -0.060966331511735916, -0.011574240401387215, 0.06910312175750732, 0.04172150045633316, 0.07125826179981232, 0.0468183308839798, 0.07023680210113525, 0.14157328009605408, -0.07679882645606995, -0.024888157844543457, 0.056536637246608734, 0.047010451555252075, -0.06115025654435158, 0.06224006041884422, -0.1170061007142067, 0.020274769514799118, 0.04137999564409256, -0.060872793197631836, -0.016044164076447487, 0.02400747686624527, -0.07386099547147751, 0.042960070073604584, -0.023823920637369156, 0.03849385678768158, 0.05063926801085472, 0.3531097173690796, 0.05335891991853714, -0.0728476420044899, 0.10592114180326462, 0.010369088500738144, -0.11395489424467087, 0.0562308132648468, -0.008005671203136444, 0.07520280033349991, -0.08178091049194336, 0.0781264677643776, -0.0688023492693901, -0.02259925752878189, -0.002056873170658946, -0.021886736154556274, 0.049279727041721344, 2.464792013168335, -0.04846654832363129, 0.036207959055900574, 0.04528335481882095, 0.0031865208875387907, 0.00011702242773026228, 0.03436234965920448, 0.0548819936811924, -0.020733751356601715, 0.15558089315891266, 0.042881663888692856, 0.0681552141904831, 0.3519909977912903, -0.07220999151468277, -0.08535300195217133, -0.4442800283432007, -0.10339266806840897, -0.004130909685045481, 0.8065168857574463, 0.004139546770602465]"
MVCLKLPGGSCMTALTVTLMVLSSPLALAGDTRPRFLWQLKFECHFFNGTERVRLLERCIYNQEESVRFDSDVGEYRAVTELGRPDAEYWNSQKDLLEQRRAAVDTYCRHNYGVGESFTVQRRVEPKVTVYPSKTQPLQHHNLLVCSVSGFYPGSIEVRWFRNGQEEKAGVVSTGLIQNGDWTFQTLVMLETVPRSGEVYTCQVEHPSVTSPLTVEWRARSESAQSKMLSGVGGFVLGLLFLGAGLFIYFRNQKGHSGLQPTGFLS:SPCWSWPQECLCPGMCFTED,0,0.0,DRB1_0101,SPCWSWPQECLCPGMCFTED,features_shard2_group0.h5,sample_1,./,"[-0.06065133586525917, -0.0326840840280056, -0.0001754258555592969, 0.09682296216487885, 0.012551900930702686, 0.03234947472810745, 0.049914103001356125, -0.047905635088682175, 0.04780089855194092, -0.3006092607975006, -0.025792980566620827, 0.012612378224730492, -0.4230152666568756, 0.08825784921646118, 0.01036111544817686, -0.15026384592056274, 0.034168586134910583, -0.05332142114639282, 0.08405456691980362, -0.06041273474693298, 0.08487338572740555, 0.14378486573696136, -0.004709302913397551, 0.009541659615933895, 0.034260451793670654, 0.047625474631786346, 0.6162745952606201, -0.05136318877339363, -0.07724028825759888, 0.04983101785182953, 0.018310001119971275, 0.003353371052071452, -0.048330824822187424, -0.10200551897287369, 0.09505712985992432, 0.27323973178863525, 0.012894928455352783, -0.008550155907869339, 0.11550671607255936, 0.2518971264362335, -0.6530920267105103, -0.0029100938700139523, -0.12931013107299805, 0.012378804385662079, 0.026895184069871902, 0.011782701127231121, 0.07140381634235382, 0.004973688628524542, -0.11471434682607651, -0.06305092573165894, -0.010767380706965923, 0.08005420118570328, -0.04602009430527687, 0.018233636394143105, 0.03920295834541321, 0.034308869391679764, -0.2376013547182083, -0.03581882268190384, 0.05379563570022583, -0.13166117668151855, 0.05181644484400749, 0.007510801777243614, 0.07760833948850632, 0.05827463045716286, 0.06294679641723633, -0.25561046600341797, 0.018458429723978043, 0.02592531032860279, -0.05565129220485687, -0.06619201600551605, -0.025464391335844994, 0.05612310394644737, 0.032828692346811295, 0.06775704026222229, 0.03628452867269516, 0.0868198573589325, 0.13591709733009338, -0.0666915699839592, -0.04283188655972481, 0.09538360685110092, 0.04220662638545036, -0.015209498815238476, 0.07399474084377289, -0.1328236609697342, 0.013248400762677193, 0.0787762850522995, -0.1026250496506691, -0.0036787635181099176, -0.02333052270114422, -0.0842025876045227, 0.0641375482082367, -0.030369985848665237, 0.03682824224233627, 0.07923459261655807, 0.3740636706352234, 0.026852700859308243, -0.05975114181637764, 0.1340973824262619, -0.012955473735928535, -0.09856899827718735, 0.03768572583794594, -0.013944100588560104, 0.05587458610534668, -0.07043395936489105, 0.08251247555017471, -0.11317457258701324, -0.006625351961702108, 0.009871386922895908, -0.037286482751369476, 0.006173571106046438, 2.5123229026794434, -0.05493421480059624, 0.04987933486700058, 0.036498457193374634, 0.013511124067008495, 0.00877206027507782, 0.013023371808230877, 0.07306940108537674, 0.008794238790869713, 0.1601671725511551, 0.03202977403998375, 0.04596762731671333, 0.35373222827911377, -0.12840422987937927, -0.09201580286026001, -0.40791913866996765, -0.07585975527763367, -0.03884269297122955, 0.8036621809005737, 0.005500871688127518]"
MVCLKLPGGSCMAALTVTLMVLSSPLALAGDTQPRFLWQGKYKCHFFNGTERVQFLERLFYNQEEFVRFDSDVGEYRAVTELGRPVAESWNSQKDILEDRRGQVDTVCRHNYGVGESFTVQRRVHPEVTVYPAKTQPLQHHNLLVCSVSGFYPGSIEVRWFRNGQEEKAGVVSTGLIQNGDWTFQTLVMLETVPRSGEVYTCQVEHPSVMSPLTVEWRARSESAQSKMLSGVGGFVLGLLFLGAGLFIYFRNQKGHSGLQPTGFLS:ERGFMAGTQRNPQMAQYGPQ,0,0.0,DRB1_0701,ERGFMAGTQRNPQMAQYGPQ,features_shard2_group0.h5,sample_2,./,"[-0.04039696976542473, -0.03717077523469925, -0.011798818595707417, 0.04915299266576767, 0.01561738085001707, -0.006594320759177208, 0.007239449303597212, -0.077311672270298, 0.03040916658937931, -0.25491955876350403, -0.03774036094546318, -0.006323350593447685, -0.4225616753101349, 0.06299814581871033, 0.003638477297499776, -0.15394477546215057, 0.0342361181974411, -0.06495039910078049, 0.032907430082559586, -0.03568649664521217, 0.1260259747505188, 0.11069469153881073, 0.021984651684761047, 0.00063360232161358, 0.028180792927742004, 0.00951477326452732, 0.5591214895248413, -0.037740230560302734, -0.09661439806222916, 0.04270338639616966, 0.011285806074738503, -0.017290323972702026, -0.051507145166397095, -0.0474245510995388, 0.07049601525068283, 0.23752456903457642, -0.00816820003092289, 0.004494441673159599, 0.06990068405866623, 0.2121526002883911, -0.5936015248298645, -0.014378231950104237, -0.08272282779216766, -0.06514981389045715, 0.012660409323871136, -0.019554074853658676, 0.060412608087062836, -0.021791424602270126, -0.09364498406648636, -0.04407491907477379, -0.035265348851680756, 0.07150229811668396, -0.025836462154984474, 0.020544543862342834, 0.024628397077322006, 0.019164511933922768, -0.20108245313167572, -0.03984349966049194, 0.04407520592212677, -0.08257691562175751, 0.02071930468082428, 0.036810439079999924, 0.04676758497953415, 0.07494519650936127, 0.08561757951974869, -0.23220068216323853, 0.0531572625041008, 0.021959755569696426, -0.01360390055924654, -0.0806092619895935, -0.01990477181971073, 0.05878657475113869, 0.019116751849651337, 0.044784195721149445, 0.020012160763144493, 0.0951787456870079, 0.11365627497434616, -0.028489090502262115, -0.04000350087881088, 0.09637849032878876, 0.046353429555892944, -0.029595330357551575, 0.04878392443060875, -0.07877560704946518, 0.022959962487220764, 0.08976635336875916, -0.10666757822036743, -0.009047091007232666, -0.02798004448413849, -0.08321745693683624, 0.05312873423099518, -0.03147419914603233, 0.02839055471122265, 0.05926221236586571, 0.33986231684684753, 0.0127826277166605, -0.07314541935920715, 0.07266087085008621, -0.024836381897330284, -0.0817367359995842, 0.037092175334692, -0.0002596465346869081, 0.02180580236017704, -0.07898960262537003, 0.09687095880508423, -0.06250019371509552, -0.02791948802769184, 0.023456383496522903, -0.0829208567738533, 0.017468342557549477, 2.6505868434906006, -0.04303812235593796, 0.025956539437174797, 0.06483350694179535, 0.012884455733001232, -0.07172342389822006, -0.022494001314044, 0.06904753297567368, -0.013814517296850681, 0.15128129720687866, 0.041393525898456573, 0.05168549343943596, 0.3626003563404083, -0.16258320212364197, -0.06870169192552567, -0.3504091501235962, -0.11503943055868149, 0.0032858976628631353, 0.8025320768356323, 0.0029184971936047077]"
MVCLKLPGGSCMAALTVTLMVLSSPLALAGDTQPRFLWQGKYKCHFFNGTERVQFLERLFYNQEEFVRFDSDVGEYRAVTELGRPVAESWNSQKDILEDRRGQVDTVCRHNYGVGESFTVQRRVHPEVTVYPAKTQPLQHHNLLVCSVSGFYPGSIEVRWFRNGQEEKAGVVSTGLIQNGDWTFQTLVMLETVPRSGEVYTCQVEHPSVMSPLTVEWRARSESAQSKMLSGVGGFVLGLLFLGAGLFIYFRNQKGHSGLQPTGFLS:LNTTKNFSCQWPTEGRIQMV,0,0.0,DRB1_0701,LNTTKNFSCQWPTEGRIQMV,features_shard2_group0.h5,sample_3,./,"[-0.05197656899690628, -0.051833394914865494, -0.017323436215519905, 0.05890392139554024, 0.011186481453478336, -0.011353174224495888, 0.010780857875943184, -0.058362361043691635, 0.0077409641817212105, -0.29505547881126404, -0.010278782807290554, 0.019750168547034264, -0.36176642775535583, 0.07063870877027512, -0.0006725130951963365, -0.14818446338176727, 0.008378621190786362, -0.06187739968299866, 0.05666851997375488, -0.030438920482993126, 0.0787266194820404, 0.1309821754693985, 0.014021474868059158, -0.057031985372304916, 0.03812975063920021, -0.012743933126330376, 0.5825594067573547, -0.034285709261894226, -0.0683540478348732, 0.014033534564077854, 0.029494155198335648, -0.013204343616962433, -0.037544138729572296, -0.06391451507806778, 0.07858621329069138, 0.2175242006778717, -0.023888489231467247, 0.015674687922000885, 0.06311044096946716, 0.18070557713508606, -0.6997504234313965, -0.029078427702188492, -0.08064156770706177, -0.03802671283483505, 0.005245302338153124, -0.03130706772208214, 0.049611616879701614, -0.005844589788466692, -0.09371316432952881, -0.06324265897274017, -0.022884702309966087, 0.05806710198521614, -0.034390851855278015, 0.012603015638887882, 0.0009441488655284047, 0.018060831353068352, -0.21075786650180817, -0.025416137650609016, 0.036772653460502625, -0.08467786759138107, 0.0038943670224398375, 0.03158248960971832, 0.03356095775961876, 0.06202268227934837, 0.07534850388765335, -0.18361668288707733, 0.023407945409417152, 0.028621871024370193, -0.03882959857583046, -0.07858095318078995, -0.019979184493422508, 0.06768288463354111, 0.015217776410281658, 0.05663326010107994, 0.04101567715406418, 0.06050653010606766, 0.11758647859096527, -0.05818780139088631, -0.01136798970401287, 0.07965901494026184, 0.02710665576159954, -0.028119022026658058, 0.0452883280813694, -0.0963110476732254, 0.02500167302787304, 0.05488849803805351, -0.08947475999593735, -0.01957518607378006, -0.009285105392336845, -0.06049859896302223, 0.04710649326443672, -0.004667425993829966, 0.01841358281672001, 0.03775182366371155, 0.3317032754421234, 0.018882423639297485, -0.046370431780815125, 0.06512653082609177, -0.004257491324096918, -0.06179535761475563, 0.03260918706655502, -0.019709892570972443, 0.039820995181798935, -0.05893080309033394, 0.06457110494375229, -0.10102808475494385, -0.0037087027449160814, -0.0054143453016877174, -0.04431316629052162, 0.008103825151920319, 2.4799129962921143, -0.04954591393470764, 0.025169076398015022, 0.041669975966215134, -0.010824959725141525, -0.041327524930238724, 0.017451854422688484, 0.05359668657183647, -0.011083072982728481, 0.1560610830783844, 0.02595439739525318, 0.034206170588731766, 0.3004164397716522, -0.09179217368364334, -0.04577953740954399, -0.4618678390979767, -0.09442994743585587, -0.008533577434718609, 0.7810398936271667, 0.005395301152020693]"
MVCLKLPGGSCMAALTVTLMVLSSPLALAGDTQPRFLWQGKYKCHFFNGTERVQFLERLFYNQEEFVRFDSDVGEYRAVTELGRPVAESWNSQKDILEDRRGQVDTVCRHNYGVGESFTVQRRVHPEVTVYPAKTQPLQHHNLLVCSVSGFYPGSIEVRWFRNGQEEKAGVVSTGLIQNGDWTFQTLVMLETVPRSGEVYTCQVEHPSVMSPLTVEWRARSESAQSKMLSGVGGFVLGLLFLGAGLFIYFRNQKGHSGLQPTGFLS:LLQRMMMAGSVRNGKPRGTV,0,0.0,DRB1_0701,LLQRMMMAGSVRNGKPRGTV,features_shard2_group0.h5,sample_5,./,"[-0.04951101914048195, -0.08814428746700287, 0.012223796918988228, 0.10420086979866028, 0.015546105802059174, 0.06405826658010483, 0.033159952610731125, -0.054731182754039764, 0.07593881338834763, -0.27891677618026733, 0.024539580568671227, -0.0008263099589385092, -0.42644795775413513, 0.12079005688428879, -0.004950809292495251, -0.09330794960260391, 0.04631375893950462, -0.05431981012225151, 0.11062586307525635, -0.06572648137807846, 0.05053155496716499, 0.13100774586200714, 0.01586749777197838, 0.028548188507556915, 0.034040991216897964, 0.02674603834748268, 0.5742223858833313, -0.04470904543995857, -0.11705704033374786, 0.08695615082979202, 0.020801996812224388, 0.017967302352190018, -0.028263568878173828, -0.10617639124393463, 0.11235920339822769, 0.27761310338974, -0.0012192471185699105, -0.029126733541488647, 0.11566684395074844, 0.2624950706958771, -0.620000422000885, -0.017942454665899277, -0.21416810154914856, -0.023671932518482208, 0.011154558509588242, 0.024543724954128265, 0.10114838927984238, 0.015518411993980408, -0.17040623724460602, -0.015100413002073765, -0.01978400908410549, 0.05700521171092987, -0.04429183527827263, 0.03474907949566841, 0.04532675817608833, 0.04877045005559921, -0.3014954924583435, -0.06236670911312103, 0.06923624128103256, -0.12857958674430847, 0.07291329652070999, 0.015080924145877361, 0.15061725676059723, 0.0439736507833004, 0.059415124356746674, -0.23867560923099518, 0.014450889080762863, 0.000461551477201283, -0.10176271945238113, -0.05149421468377113, -0.0282437726855278, 0.08115794509649277, 0.05045374855399132, 0.06895306706428528, 0.021767200902104378, 0.1203048825263977, 0.1869109869003296, -0.06805755198001862, -0.0852532684803009, 0.14979444444179535, -0.006589584052562714, -0.009223890490829945, 0.10881799459457397, -0.14216606318950653, -0.0053229257464408875, 0.1025434359908104, -0.07446761429309845, 0.002000967273488641, 0.006715547293424606, -0.10235089808702469, 0.0503675751388073, -0.017756346613168716, 0.06840360164642334, 0.09425253421068192, 0.39281946420669556, 0.03963582217693329, -0.01872694306075573, 0.15991540253162384, -0.03153040260076523, -0.11041198670864105, 0.04815058410167694, -0.032005224376916885, 0.07182390242815018, -0.1351475715637207, 0.11198574304580688, -0.0822894424200058, -0.02761348895728588, -0.022688807919621468, -0.02573704533278942, 0.023479359224438667, 2.5489797592163086, -0.04396683722734451, 0.058841314166784286, 0.07455792278051376, 0.025891439989209175, 0.032001327723264694, 0.01505364291369915, 0.1093592718243599, -0.0010559941874817014, 0.15369272232055664, 0.049967143684625626, 0.0762113481760025, 0.34455958008766174, -0.11969049274921417, -0.09577644616365433, -0.4350922703742981, -0.10670562833547592, -0.038114629685878754, 0.809848427772522, 0.005016466602683067]"
MVCLKLPGGSCMAALTVTLMVLSSPLALAGDTQPRFLWQGKYKCHFFNGTERVQFLERLFYNQEEFVRFDSDVGEYRAVTELGRPVAESWNSQKDILEDRRGQVDTVCRHNYGVGESFTVQRRVHPEVTVYPAKTQPLQHHNLLVCSVSGFYPGSIEVRWFRNGQEEKAGVVSTGLIQNGDWTFQTLVMLETVPRSGEVYTCQVEHPSVMSPLTVEWRARSESAQSKMLSGVGGFVLGLLFLGAGLFIYFRNQKGHSGLQPTGFLS:IWLQRRYIPSCTVAGMRKQM,0,0.0,DRB1_0701,IWLQRRYIPSCTVAGMRKQM,features_shard2_group0.h5,sample_6,./,"[-0.06936011463403702, -0.09167702496051788, -0.014571120962500572, 0.11285623908042908, 0.0022232052870094776, 0.04243811219930649, 0.03609040752053261, -0.020118210464715958, 0.044095512479543686, -0.3171965777873993, 0.0017590117640793324, 0.01785755716264248, -0.3664439618587494, 0.11651124060153961, -0.011040948331356049, -0.09273754805326462, 0.025262504816055298, -0.04615854099392891, 0.12073195725679398, -0.06466969102621078, 0.045718561857938766, 0.11894172430038452, 0.040095988661050797, 0.0013884715735912323, 0.0407402366399765, 0.02858595922589302, 0.5891523957252502, -0.03394570201635361, -0.06903709471225739, 0.06449814140796661, 0.03724712133407593, -0.0009927059290930629, -0.0016964641399681568, -0.1206027939915657, 0.12055511772632599, 0.2621976137161255, 0.002809840487316251, -0.038720350712537766, 0.10999706387519836, 0.20710541307926178, -0.7164234519004822, -0.05752204358577728, -0.23375985026359558, 0.013149425387382507, 0.014310982078313828, 0.022618766874074936, 0.08763530105352402, -0.003885566024109721, -0.18073810636997223, -0.05526436120271683, -0.021480347961187363, 0.046826187521219254, -0.02614511549472809, 0.016931556165218353, 0.04495520889759064, 0.046430978924036026, -0.33482441306114197, -0.04303703084588051, 0.0588114857673645, -0.13663464784622192, 0.08293923735618591, 0.006663874723017216, 0.1502048522233963, 0.06484296172857285, 0.052794549614191055, -0.1619141697883606, -0.010637867264449596, 0.013663265854120255, -0.12963789701461792, -0.005795960780233145, 0.006490396801382303, 0.07471093535423279, 0.05322340875864029, 0.08875022828578949, 0.06169423088431358, 0.09074846655130386, 0.1802203357219696, -0.07033874094486237, -0.060381121933460236, 0.09830346703529358, 0.011879827827215195, -0.024691155180335045, 0.1383225917816162, -0.1644524186849594, -0.013012953102588654, 0.059163618832826614, -0.06922374665737152, -0.00041773627162911, 0.010936014354228973, -0.1093963086605072, 0.05374222248792648, -0.042156774550676346, 0.05210093408823013, 0.08519682288169861, 0.38186436891555786, 0.0035733168479055166, -0.003439383814111352, 0.17504145205020905, 0.013941186480224133, -0.11990714073181152, 0.05662638321518898, -0.049903761595487595, 0.09452863782644272, -0.11354552209377289, 0.08456862717866898, -0.0925213173031807, 0.006179668474942446, -0.030292319133877754, -0.01106014009565115, 0.024299925193190575, 2.423013210296631, -0.04558718577027321, 0.05530066415667534, 0.044208645820617676, 0.017990216612815857, 0.07517169415950775, 0.04989933967590332, 0.13194899260997772, 0.024981820955872536, 0.1528623253107071, 0.036092303693294525, 0.0699281319975853, 0.2665236294269562, -0.08588194102048874, -0.11084999889135361, -0.4495452046394348, -0.08863075077533722, -0.06616408377885818, 0.7769253849983215, 0.009861546568572521]"
MVCLKLPGGSCMAALTVTLMVLSSPLALAGDTQPRFLWQGKYKCHFFNGTERVQFLERLFYNQEEFVRFDSDVGEYRAVTELGRPVAESWNSQKDILEDRRGQVDTVCRHNYGVGESFTVQRRVHPEVTVYPAKTQPLQHHNLLVCSVSGFYPGSIEVRWFRNGQEEKAGVVSTGLIQNGDWTFQTLVMLETVPRSGEVYTCQVEHPSVMSPLTVEWRARSESAQSKMLSGVGGFVLGLLFLGAGLFIYFRNQKGHSGLQPTGFLS:KLFRPSQSCCCCHLDGDLKK,0,0.0,DRB1_0701,KLFRPSQSCCCCHLDGDLKK,features_shard2_group0.h5,sample_7,./,"[-0.06451153010129929, -0.06489341706037521, -0.004472995176911354, 0.11810169368982315, 0.01008253637701273, 0.06463003903627396, 0.062792107462883, -0.04046696051955223, 0.09179964661598206, -0.27162966132164, -0.00698703620582819, 0.0045924196019768715, -0.41546231508255005, 0.1402846872806549, 0.01578933373093605, -0.10414862632751465, 0.06634482741355896, -0.061479486525058746, 0.08219447731971741, -0.047705139964818954, 0.10672972351312637, 0.15090131759643555, 0.0025704207364469767, 0.011810969561338425, 0.042633287608623505, 0.05113278701901436, 0.6240845918655396, -0.02784588746726513, -0.08495855331420898, 0.06429190188646317, 0.016664234921336174, 0.031454287469387054, -0.028270093724131584, -0.13274769484996796, 0.11424809694290161, 0.26476946473121643, 0.014135190285742283, -0.06885596364736557, 0.12430857121944427, 0.23471176624298096, -0.6338487863540649, -0.007648949045687914, -0.1925809532403946, 0.02669132687151432, 0.02315010502934456, 0.024144574999809265, 0.08836672455072403, -0.02589905820786953, -0.14035789668560028, -0.06501325964927673, -0.02367686852812767, 0.07632534205913544, -0.03261894732713699, 0.021731631830334663, 0.06759251654148102, 0.06167614459991455, -0.28055351972579956, -0.030352838337421417, 0.060981158167123795, -0.11453136056661606, 0.07730598747730255, 0.008370575495064259, 0.13486194610595703, 0.06221552565693855, 0.0635216161608696, -0.288207471370697, 0.014672393910586834, 0.025410374626517296, -0.08040469884872437, -0.009987778961658478, -0.026290368288755417, 0.07208214700222015, 0.06546054035425186, 0.0945122241973877, 0.06824268400669098, 0.11388181895017624, 0.17143017053604126, -0.06310205906629562, -0.06882716715335846, 0.11032478511333466, 0.02165060117840767, 0.01310536079108715, 0.10101862251758575, -0.13947637379169464, 0.016018060967326164, 0.08973421901464462, -0.07143759727478027, 0.010580530390143394, -0.0020817497279495, -0.11689078062772751, 0.07070295512676239, -0.050442080944776535, 0.0603732131421566, 0.0898423045873642, 0.4177902340888977, -0.002469455124810338, -0.0376778282225132, 0.1909787952899933, 0.010601558722555637, -0.11610756814479828, 0.042382463812828064, -0.035990603268146515, 0.07930856943130493, -0.07688025385141373, 0.10871502757072449, -0.10665278881788254, -0.02606257051229477, -0.017255622893571854, -0.023354003205895424, 0.00482227373868227, 2.5765089988708496, -0.036036018282175064, 0.07751746475696564, 0.03390174359083176, 0.024368558079004288, 0.05274490267038345, 0.023744119331240654, 0.1131574735045433, 0.04703427851200104, 0.1692437380552292, 0.054103702306747437, 0.06663890928030014, 0.34947070479393005, -0.13239365816116333, -0.0941544696688652, -0.2932000756263733, -0.07089968025684357, -0.0423976294696331, 0.8253682255744934, 0.006350412033498287]"
MVCLKLPGGSCMAALTVTLMVLSSPLALAGDTQPRFLWQGKYKCHFFNGTERVQFLERLFYNQEEFVRFDSDVGEYRAVTELGRPVAESWNSQKDILEDRRGQVDTVCRHNYGVGESFTVQRRVHPEVTVYPAKTQPLQHHNLLVCSVSGFYPGSIEVRWFRNGQEEKAGVVSTGLIQNGDWTFQTLVMLETVPRSGEVYTCQVEHPSVMSPLTVEWRARSESAQSKMLSGVGGFVLGLLFLGAGLFIYFRNQKGHSGLQPTGFLS:LSDHVYRQHPDQFKFSSLMD,0,0.0,DRB1_0701,LSDHVYRQHPDQFKFSSLMD,features_shard2_group0.h5,sample_8,./,"[-0.0397283211350441, -0.05616644397377968, 0.005701018963009119, 0.08771790564060211, -0.003592496272176504, 0.03855467587709427, 0.054398633539676666, -0.021589042618870735, 0.029682377353310585, -0.31721821427345276, -0.010427962057292461, 0.021746989339590073, -0.3652328848838806, 0.08525698632001877, 0.011182854883372784, -0.09615935385227203, 0.03855709731578827, -0.06259660422801971, 0.07223912328481674, -0.02643098123371601, 0.06679914891719818, 0.14787423610687256, 0.02506742626428604, 0.023037320002913475, 0.03631778433918953, 0.02495870739221573, 0.5613035559654236, -0.027442634105682373, -0.05854567885398865, 0.05779317021369934, 0.03821780905127525, 0.0021826087031513453, -0.016454707831144333, -0.08293657004833221, 0.08515587449073792, 0.2676505148410797, -0.028176141902804375, -0.03574855998158455, 0.0879492461681366, 0.27959418296813965, -0.7381666302680969, -0.03260250389575958, -0.20401829481124878, 0.0002475482178851962, 0.048924461007118225, 0.015473918057978153, 0.06779924035072327, -0.0011098114773631096, -0.149770125746727, -0.03557965159416199, -0.01558069046586752, 0.06663257628679276, -0.03695147857069969, 0.030303845182061195, 0.027974236756563187, 0.04352321848273277, -0.2691907286643982, -0.03338367119431496, 0.036897119134664536, -0.09290217608213425, 0.06413692981004715, 0.0068030161783099174, 0.12627169489860535, 0.056912146508693695, 0.07487795501947403, -0.18322937190532684, 0.011202402412891388, 0.020516101270914078, -0.06616149097681046, -0.018793337047100067, 0.004041014704853296, 0.08512362092733383, 0.0272967629134655, 0.06483016908168793, 0.06855431199073792, 0.1008869856595993, 0.160066157579422, -0.03864302113652229, -0.05866536125540733, 0.07011520117521286, 0.019254745915532112, -0.010465409606695175, 0.09822331368923187, -0.09916754812002182, 0.026281023398041725, 0.06911410391330719, -0.07697988301515579, -0.011717565357685089, 0.03667285293340683, -0.08700114488601685, 0.060281917452812195, -0.01883302815258503, 0.05526519939303398, 0.05383951961994171, 0.33637547492980957, 0.01871396228671074, -0.028993353247642517, 0.1364642232656479, 0.013679332099854946, -0.07092742621898651, 0.04639808088541031, -0.015493953600525856, 0.05348828434944153, -0.06695583462715149, 0.09183136373758316, -0.08033019304275513, 0.009386224672198296, -0.014383744448423386, -0.019748685881495476, 0.018549971282482147, 2.45580792427063, -0.036811985075473785, 0.06427028030157089, 0.06379058957099915, 0.03706374019384384, 0.058127570897340775, 0.04899774491786957, 0.10619069635868073, 0.014307606033980846, 0.15516436100006104, 0.07410906255245209, 0.06874112039804459, 0.3026904761791229, -0.06639282405376434, -0.06317007541656494, -0.45840921998023987, -0.10446653515100479, -0.028115911409258842, 0.7479261755943298, 0.007950459606945515]"
MVCLKLPGGSCMAALTVTLMVLSSPLALAGDTQPRFLWQGKYKCHFFNGTERVQFLERLFYNQEEFVRFDSDVGEYRAVTELGRPVAESWNSQKDILEDRRGQVDTVCRHNYGVGESFTVQRRVHPEVTVYPAKTQPLQHHNLLVCSVSGFYPGSIEVRWFRNGQEEKAGVVSTGLIQNGDWTFQTLVMLETVPRSGEVYTCQVEHPSVMSPLTVEWRARSESAQSKMLSGVGGFVLGLLFLGAGLFIYFRNQKGHSGLQPTGFLS:LGSWMNKIMSYSSDFRQIFC,0,0.0,DRB1_0701,LGSWMNKIMSYSSDFRQIFC,features_shard2_group0.h5,sample_9,./,"[-0.055296801030635834, -0.09159727394580841, 0.011769034899771214, 0.08592014759778976, -0.012583729811012745, 0.04213883355259895, 0.03422975540161133, -0.02409246563911438, 0.05036228895187378, -0.28001895546913147, -0.002402589889243245, 0.021813970059156418, -0.3858211636543274, 0.08057611435651779, 0.006028168369084597, -0.11422266066074371, 0.0365154854953289, -0.04829160124063492, 0.11675400286912918, -0.04321153834462166, 0.07246597111225128, 0.12777464091777802, 0.027551498264074326, 0.02406073920428753, 0.049600161612033844, 0.02148599922657013, 0.598979651927948, -0.049841757863759995, -0.08363968133926392, 0.08157262951135635, 0.040522050112485886, 0.008696909062564373, -0.020172659307718277, -0.05978957563638687, 0.08697029948234558, 0.29464486241340637, -0.02346695028245449, -0.02267141453921795, 0.08947023749351501, 0.3025660812854767, -0.7050889134407043, -0.005576136521995068, -0.21870383620262146, -0.0064153592102229595, -0.01963263563811779, 0.020435485988855362, 0.08664922416210175, -0.0014256000285968184, -0.1608763039112091, -0.010726196691393852, -0.02895159088075161, 0.06098731979727745, -0.0422707200050354, 0.027475491166114807, 0.03212891146540642, 0.0473795086145401, -0.27894219756126404, -0.029883122071623802, 0.08476220816373825, -0.11242061853408813, 0.07747875899076462, 0.0065478975884616375, 0.12523360550403595, 0.048698052763938904, 0.054269615560770035, -0.18068625032901764, -0.01553939189761877, 0.007571910973638296, -0.08563645929098129, -0.07341571152210236, -0.004801621660590172, 0.07827916741371155, 0.04480395093560219, 0.0673866868019104, 0.06636516004800797, 0.09528636932373047, 0.1451764553785324, -0.0642942413687706, -0.03621954843401909, 0.06017202511429787, 0.02557697705924511, -0.0045093330554664135, 0.09876425564289093, -0.12285508215427399, 0.022481948137283325, 0.048873234540224075, -0.06026678904891014, -0.004782476928085089, 0.037610989063978195, -0.0885200947523117, 0.04789450392127037, -0.020803943276405334, 0.04889886453747749, 0.03963260352611542, 0.3488115966320038, 0.04631561413407326, -0.06200753152370453, 0.13618427515029907, -0.002754197921603918, -0.09613721817731857, 0.061765093356370926, -0.01664603129029274, 0.08167130500078201, -0.07549592852592468, 0.10674656182527542, -0.075200155377388, -0.008750672452151775, -0.02520819939672947, -0.024632802233099937, 0.04177097603678703, 2.419673442840576, -0.04198149964213371, 0.05063331499695778, 0.06817222386598587, 0.02906344085931778, 0.07304596900939941, 0.05979713052511215, 0.09995560348033905, 0.002245881361886859, 0.1547391563653946, 0.04370727390050888, 0.04685698077082634, 0.3195057809352875, -0.06414823234081268, -0.04263981804251671, -0.5383598804473877, -0.08454634994268417, -0.022497782483696938, 0.7765864729881287, 0.006061377003788948]"
MVCLRLPGGSCMAVLTVTLMVLSSPLALAGDTRPRFLEYSTSECHFFNGTERVRYLDRYFHNQEENVRFDSDVGEFRAVTELGRPDAEYWNSQKDLLEQKRGRVDNYCRHNYGVVESFTVQRRVHPKVTVYPSKTQPLQHHNLLVCSVSGFYPGSIEVRWFRNGQEEKTGVVSTGLIHNGDWTFQTLVMLETVPRSGEVYTCQVEHPSVTSPLTVEWRARSESAQSKMLSGVGGFVLGLLFLGAGLFIYFRNQKGHSGLQPRGFLS:AGETDYTCSKQKHRSNTRQM,0,0.0,DRB1_0301,AGETDYTCSKQKHRSNTRQM,features_shard2_group0.h5,sample_10,./,"[-0.01822809688746929, -0.016731737181544304, 0.057509373873472214, -0.037868089973926544, 0.010730580426752567, -0.021579479798674583, 0.03681721165776253, -0.04427610710263252, -0.0013644900172948837, -0.12550491094589233, -0.040584467351436615, 0.000862134387716651, -0.3669227957725525, 0.05948764458298683, -0.01840980537235737, -0.026452912017703056, 0.03062586300075054, -0.08424294739961624, 0.07880238443613052, -0.003919898997992277, 0.17729060351848602, 0.019794149324297905, 0.046719860285520554, 0.007692800369113684, 0.09209863841533661, -0.07594447582960129, 0.4886831045150757, -0.067111074924469, -0.11708672344684601, -0.014742899686098099, -0.01986117660999298, -0.017134686931967735, -0.07972164452075958, 0.021609460934996605, 0.06537417322397232, 0.34450069069862366, -0.08301471173763275, -0.0077283079735934734, 0.005457001272588968, 0.3963273763656616, -0.6765690445899963, 0.03142905980348587, -0.07015965133905411, -0.11731099337339401, -0.028317904099822044, -0.006833549588918686, -0.02097177505493164, 0.026249825954437256, -0.09932360798120499, -0.0034469410311430693, -0.03457598760724068, 0.05280492827296257, -0.07401291280984879, 0.015952218323946, -0.0019366282504051924, 0.0287050548940897, -0.1969417929649353, -0.044474463909864426, 0.10012828558683395, -0.0660654604434967, 0.010372110642492771, 0.05241008102893829, 0.007397651672363281, 0.041541047394275665, 0.05284152925014496, -0.18011115491390228, 0.031708817929029465, -0.01609502173960209, 0.04934817925095558, -0.062374770641326904, 0.007725099101662636, 0.0296469759196043, 0.003018362680450082, 0.04074594005942345, -0.009047898463904858, 0.0516471303999424, 0.03983467072248459, 0.026947032660245895, 0.02552875690162182, 0.17015768587589264, 0.05458052083849907, -0.02805382013320923, 0.044457364827394485, -0.07325960695743561, -0.036281801760196686, -0.0028146938420832157, -0.10778538137674332, -0.025280099362134933, -0.0017398054478690028, -0.035308584570884705, 0.04091572016477585, 0.00906009878963232, 0.016664259135723114, 0.0839119553565979, 0.20358587801456451, 0.00439308350905776, -0.0013806205242872238, 0.005946749355643988, -0.06317788362503052, -0.03309188038110733, 0.02606142684817314, 0.009928031824529171, 0.02764769271016121, 0.008626574650406837, 0.07202593982219696, -0.04938889667391777, -0.0362551249563694, 0.05325652286410332, -0.11624768376350403, 0.027508925646543503, 2.5092849731445312, -0.01990699954330921, 0.029789123684167862, 0.08010345697402954, 0.007909256033599377, -0.0704258382320404, -0.012344450689852238, 0.0169261135160923, -0.09525709599256516, 0.06388277560472488, 0.03953581675887108, 0.011595682241022587, 0.23700876533985138, -0.13140258193016052, -0.07824613898992538, -0.6530417799949646, -0.11747139692306519, 0.032216183841228485, 0.7309611439704895, 0.006542086135596037]"
